STATEFP,COUNTYFP,TRACTCE,GEOID,GEOIDFQ,NAME,NAMELSAD,MTFCC,FUNCSTAT,ALAND,AWATER,INTPTLAT,INTPTLON,pop,kids,m_nassau,m_toob,m_gc,m_dac,f_bike,f_car
36,059,517202,36059517202,1400000US36059517202,5172.02,Census Tract 5172.02,G5020,S,1468175,0,+40.8532558,-073.6272637,3668.0,762.0,True,False,True,True,0.9999999999999999,0.9999999999999999
36,059,517201,36059517201,1400000US36059517201,5172.01,Census Tract 5172.01,G5020,S,1240820,0,+40.8592539,-073.6339094,3863.0,994.0,True,False,True,True,0.9999999999999992,0.9999999999999992
36,059,300902,36059300902,1400000US36059300902,3009.02,Census Tract 3009.02,G5020,S,7140468,0,+40.7764496,-073.6778466,5425.0,882.0,True,False,False,False,0.0,0.2391687494257294
36,059,300901,36059300901,1400000US36059300901,3009.01,Census Tract 3009.01,G5020,S,4792700,128626,+40.7638827,-073.7111116,2825.0,701.0,True,False,False,False,0.0,0.0
36,059,303204,36059303204,1400000US36059303204,3032.04,Census Tract 3032.04,G5020,S,1569520,10307,+40.7400360,-073.6641093,4787.0,987.0,True,False,False,False,0.0,0.0
36,059,303203,36059303203,1400000US36059303203,3032.03,Census Tract 3032.03,G5020,S,1001282,0,+40.7485307,-073.6635012,2988.0,708.0,True,False,False,False,0.0,0.0
36,059,416802,36059416802,1400000US36059416802,4168.02,Census Tract 4168.02,G5020,S,501212,750008,+40.5833686,-073.6438138,4025.0,364.0,True,False,False,False,0.0,0.0
36,059,980100,36059980100,1400000US36059980100,9801,Census Tract 9801,G5020,S,273319,0,+40.7205006,-073.6520715,964.0,20.0,True,False,False,False,0.0,0.0
36,059,990200,36059990200,1400000US36059990200,9902,Census Tract 9902,G5020,S,0,27086403,+40.9078457,-073.6526612,0.0,0.0,True,False,True,False,0.0,0.0
36,059,407402,36059407402,1400000US36059407402,4074.02,Census Tract 4074.02,G5020,S,1474880,0,+40.7031956,-073.5825663,4107.0,724.0,True,False,False,False,0.0,0.0
36,059,413500,36059413500,1400000US36059413500,4135,Census Tract 4135,G5020,S,2000605,0,+40.6693203,-073.6107541,7649.0,1498.0,True,False,False,False,0.0,0.0
36,059,413600,36059413600,1400000US36059413600,4136,Census Tract 4136,G5020,S,1849986,22580,+40.6576037,-073.6111953,5642.0,1094.0,True,False,False,False,0.0,0.0
36,059,413700,36059413700,1400000US36059413700,4137,Census Tract 4137,G5020,S,1817573,39370,+40.6465468,-073.6098142,5911.0,1610.0,True,False,False,False,0.0,0.0
36,059,413803,36059413803,1400000US36059413803,4138.03,Census Tract 4138.03,G5020,S,1805280,448675,+40.6273483,-073.6078072,4385.0,837.0,True,False,False,False,0.0,0.0
36,059,413804,36059413804,1400000US36059413804,4138.04,Census Tract 4138.04,G5020,S,1192867,1008410,+40.6280022,-073.5969078,3973.0,731.0,True,False,False,False,0.0,0.0
36,059,413900,36059413900,1400000US36059413900,4139,Census Tract 4139,G5020,S,1824612,0,+40.6792727,-073.5914924,8788.0,2394.0,True,False,False,False,0.0,0.0
36,059,414002,36059414002,1400000US36059414002,4140.02,Census Tract 4140.02,G5020,S,1364286,3242,+40.6741486,-073.5770047,5306.0,1159.0,True,False,False,False,0.0,0.0
36,059,414201,36059414201,1400000US36059414201,4142.01,Census Tract 4142.01,G5020,S,952547,0,+40.6601064,-073.5956022,5651.0,1039.0,True,False,False,False,0.0,0.0
36,059,408800,36059408800,1400000US36059408800,4088,Census Tract 4088,G5020,S,2220538,0,+40.7376591,-073.5033128,6470.0,925.0,True,False,False,False,0.0,0.0
36,059,416600,36059416600,1400000US36059416600,4166,Census Tract 4166,G5020,S,1140239,1215917,+40.5855023,-073.6705604,5264.0,746.0,True,False,False,False,0.0,0.0
36,059,405800,36059405800,1400000US36059405800,4058,Census Tract 4058,G5020,S,1032894,0,+40.7121528,-073.6604747,4113.0,823.0,True,False,False,False,0.0,0.0
36,059,412500,36059412500,1400000US36059412500,4125,Census Tract 4125,G5020,S,1463234,90426,+40.6684662,-073.6416500,3942.0,1052.0,True,False,False,False,0.0,0.0
36,059,519602,36059519602,1400000US36059519602,5196.02,Census Tract 5196.02,G5020,S,969179,0,+40.7768421,-073.4882112,1997.0,462.0,True,True,False,False,0.0,0.0
36,059,302400,36059302400,1400000US36059302400,3024,Census Tract 3024,G5020,S,1758559,0,+40.7715889,-073.6481547,5095.0,866.0,True,False,False,False,0.0,0.08627519301473265
36,059,302501,36059302501,1400000US36059302501,3025.01,Census Tract 3025.01,G5020,S,2179216,0,+40.7729496,-073.6334536,2866.0,777.0,True,False,False,False,0.0,0.6387211677383675
36,059,302502,36059302502,1400000US36059302502,3025.02,Census Tract 3025.02,G5020,S,14429766,0,+40.7796562,-073.6033956,2757.0,496.0,True,False,False,False,0.0,0.5071601373644856
36,059,302900,36059302900,1400000US36059302900,3029,Census Tract 3029,G5020,S,1882905,55729,+40.7449003,-073.6737720,4380.0,825.0,True,False,False,False,0.0,0.0
36,059,303000,36059303000,1400000US36059303000,3030,Census Tract 3030,G5020,S,1216983,0,+40.7353328,-073.6855097,5998.0,1333.0,True,False,False,False,0.0,0.0
36,059,303101,36059303101,1400000US36059303101,3031.01,Census Tract 3031.01,G5020,S,1531360,0,+40.7591369,-073.6808696,3904.0,685.0,True,False,False,False,0.0,0.0
36,059,303102,36059303102,1400000US36059303102,3031.02,Census Tract 3031.02,G5020,S,1483898,0,+40.7566821,-073.6634920,4225.0,850.0,True,False,False,False,0.0,0.0
36,059,414202,36059414202,1400000US36059414202,4142.02,Census Tract 4142.02,G5020,S,797007,0,+40.6633563,-073.5837561,4594.0,1066.0,True,False,False,False,0.0,0.0
36,059,414301,36059414301,1400000US36059414301,4143.01,Census Tract 4143.01,G5020,S,919177,11959,+40.6547645,-073.5935623,3089.0,648.0,True,False,False,False,0.0,0.0
36,059,414400,36059414400,1400000US36059414400,4144,Census Tract 4144,G5020,S,2570853,197950,+40.6530866,-073.5724861,5245.0,1212.0,True,False,False,False,0.0,0.0
36,059,414501,36059414501,1400000US36059414501,4145.01,Census Tract 4145.01,G5020,S,1424484,197900,+40.6369928,-073.5898335,5703.0,939.0,True,False,False,False,0.0,0.0
36,059,414502,36059414502,1400000US36059414502,4145.02,Census Tract 4145.02,G5020,S,1537351,335129,+40.6364669,-073.5792466,3881.0,603.0,True,False,False,False,0.0,0.0
36,059,414600,36059414600,1400000US36059414600,4146,Census Tract 4146,G5020,S,1501297,0,+40.6837281,-073.5665187,3821.0,1006.0,True,False,False,False,0.0,0.0
36,059,414700,36059414700,1400000US36059414700,4147,Census Tract 4147,G5020,S,1511106,0,+40.6839853,-073.5546084,4619.0,1074.0,True,False,False,False,0.0,0.0
36,059,303301,36059303301,1400000US36059303301,3033.01,Census Tract 3033.01,G5020,S,681229,0,+40.7593117,-073.6498418,2754.0,679.0,True,False,False,False,0.0,0.0
36,059,303302,36059303302,1400000US36059303302,3033.02,Census Tract 3033.02,G5020,S,940760,0,+40.7583537,-073.6442314,4789.0,1144.0,True,False,False,False,0.0,0.0
36,059,303400,36059303400,1400000US36059303400,3034,Census Tract 3034,G5020,S,1472850,0,+40.7608497,-073.6336070,2630.0,674.0,True,False,False,False,0.0,0.0
36,059,303500,36059303500,1400000US36059303500,3035,Census Tract 3035,G5020,S,1352298,0,+40.7471425,-073.6510435,5638.0,1382.0,True,False,False,False,0.0,0.0
36,059,303600,36059303600,1400000US36059303600,3036,Census Tract 3036,G5020,S,1720896,0,+40.7450042,-073.6413261,7984.0,1359.0,True,False,False,False,0.0,0.0
36,059,303700,36059303700,1400000US36059303700,3037,Census Tract 3037,G5020,S,1731005,0,+40.7488903,-073.6283516,7318.0,999.0,True,False,False,False,0.0,0.0
36,059,303800,36059303800,1400000US36059303800,3038,Census Tract 3038,G5020,S,2481987,0,+40.7498951,-073.6123674,5375.0,1527.0,True,False,False,False,0.0,0.0
36,059,414800,36059414800,1400000US36059414800,4148,Census Tract 4148,G5020,S,2393352,0,+40.6833768,-073.5424561,6558.0,1369.0,True,False,False,False,0.0,0.0
36,059,414900,36059414900,1400000US36059414900,4149,Census Tract 4149,G5020,S,2263277,0,+40.6887431,-073.5311732,8047.0,1926.0,True,False,False,False,0.0,0.0
36,059,415000,36059415000,1400000US36059415000,4150,Census Tract 4150,G5020,S,2230822,50940,+40.6693942,-073.5637854,5943.0,1405.0,True,False,False,False,0.0,0.0
36,059,415101,36059415101,1400000US36059415101,4151.01,Census Tract 4151.01,G5020,S,1175793,0,+40.6579848,-073.5578638,2426.0,454.0,True,False,False,False,0.0,0.0
36,059,415102,36059415102,1400000US36059415102,4151.02,Census Tract 4151.02,G5020,S,3835908,1936560,+40.6374020,-073.5488043,5000.0,1202.0,True,False,False,False,0.0,0.0
36,059,415201,36059415201,1400000US36059415201,4152.01,Census Tract 4152.01,G5020,S,1603833,19264,+40.6649438,-073.5491998,3331.0,718.0,True,False,False,False,0.0,0.0
36,059,415202,36059415202,1400000US36059415202,4152.02,Census Tract 4152.02,G5020,S,1465124,1022805,+40.6457870,-073.5364381,4304.0,1017.0,True,False,False,False,0.0,0.0
36,059,415300,36059415300,1400000US36059415300,4153,Census Tract 4153,G5020,S,1929270,14967,+40.6722033,-073.5348249,6226.0,1281.0,True,False,False,False,0.0,0.0
36,059,303900,36059303900,1400000US36059303900,3039,Census Tract 3039,G5020,S,2338402,0,+40.7650481,-073.5904256,3948.0,618.0,True,False,False,False,0.0,0.0
36,059,304001,36059304001,1400000US36059304001,3040.01,Census Tract 3040.01,G5020,S,730731,0,+40.7522863,-073.5992320,2302.0,427.0,True,False,False,False,0.0,0.0
36,059,304002,36059304002,1400000US36059304002,3040.02,Census Tract 3040.02,G5020,S,1298691,0,+40.7556866,-073.5925455,4971.0,1140.0,True,False,False,False,0.0,0.0
36,059,304100,36059304100,1400000US36059304100,3041,Census Tract 3041,G5020,S,1738799,0,+40.7595973,-073.5803624,4852.0,1215.0,True,False,False,False,0.0,0.0
36,059,304202,36059304202,1400000US36059304202,3042.02,Census Tract 3042.02,G5020,S,2085150,0,+40.7584130,-073.5631860,3314.0,812.0,True,False,False,False,0.0,0.0
36,059,404400,36059404400,1400000US36059404400,4044,Census Tract 4044,G5020,S,1162430,0,+40.7209521,-073.7116085,5008.0,1138.0,True,False,False,False,0.0,0.0
36,059,415401,36059415401,1400000US36059415401,4154.01,Census Tract 4154.01,G5020,S,2451976,378460,+40.6584973,-073.5318952,5100.0,1080.0,True,False,False,False,0.0,0.0
36,059,415402,36059415402,1400000US36059415402,4154.02,Census Tract 4154.02,G5020,S,1729313,1196240,+40.6461466,-073.5223075,4611.0,1175.0,True,False,False,False,0.0,0.0
36,059,415500,36059415500,1400000US36059415500,4155,Census Tract 4155,G5020,S,1065538,0,+40.6959497,-073.4883248,2521.0,477.0,True,False,False,False,0.0,0.0
36,059,415600,36059415600,1400000US36059415600,4156,Census Tract 4156,G5020,S,3195130,179431,+40.6793876,-073.5165815,5421.0,1343.0,True,False,False,False,0.0,0.0
36,059,415700,36059415700,1400000US36059415700,4157,Census Tract 4157,G5020,S,4154074,589454,+40.6472281,-073.5114595,5770.0,1608.0,True,False,False,False,0.0,0.0
36,059,416000,36059416000,1400000US36059416000,4160,Census Tract 4160,G5020,S,1809069,0,+40.6705088,-073.4919465,4313.0,991.0,True,False,False,False,0.0,0.0
36,059,416100,36059416100,1400000US36059416100,4161,Census Tract 4161,G5020,S,3023278,91257,+40.6566387,-073.4945963,6694.0,1386.0,True,False,False,False,0.0,0.0
36,059,407000,36059407000,1400000US36059407000,4070,Census Tract 4070,G5020,S,1318434,0,+40.6965296,-073.6249590,9657.0,2776.0,True,False,False,False,0.0,0.0
36,059,407101,36059407101,1400000US36059407101,4071.01,Census Tract 4071.01,G5020,S,1031722,0,+40.6948313,-073.6167089,5371.0,770.0,True,False,False,False,0.0,0.0
36,059,407102,36059407102,1400000US36059407102,4071.02,Census Tract 4071.02,G5020,S,1178973,0,+40.6944696,-073.6088878,7423.0,1646.0,True,False,False,False,0.0,0.0
36,059,407201,36059407201,1400000US36059407201,4072.01,Census Tract 4072.01,G5020,S,522977,0,+40.7064890,-073.6153083,4170.0,1019.0,True,False,False,False,0.0,0.0
36,059,407301,36059407301,1400000US36059407301,4073.01,Census Tract 4073.01,G5020,S,7765480,0,+40.7317115,-073.5980531,6654.0,383.0,True,False,False,False,0.0,0.0
36,059,407302,36059407302,1400000US36059407302,4073.02,Census Tract 4073.02,G5020,S,1611205,0,+40.7147877,-073.5891202,5158.0,1179.0,True,False,False,False,0.0,0.0
36,059,407401,36059407401,1400000US36059407401,4074.01,Census Tract 4074.01,G5020,S,1080172,0,+40.7046344,-073.5939509,5991.0,1075.0,True,False,False,False,0.0,0.0
36,059,404500,36059404500,1400000US36059404500,4045,Census Tract 4045,G5020,S,1049828,0,+40.7249498,-073.6974507,4372.0,806.0,True,False,False,False,0.0,0.0
36,059,404700,36059404700,1400000US36059404700,4047,Census Tract 4047,G5020,S,1547690,0,+40.7257662,-073.6856350,6481.0,1234.0,True,False,False,False,0.0,0.0
36,059,404800,36059404800,1400000US36059404800,4048,Census Tract 4048,G5020,S,2934197,30398,+40.7123634,-073.7093711,6202.0,1367.0,True,False,False,False,0.0,0.0
36,059,404902,36059404902,1400000US36059404902,4049.02,Census Tract 4049.02,G5020,S,633630,0,+40.7040159,-073.7150795,5429.0,1040.0,True,False,False,False,0.0,0.0
36,059,405000,36059405000,1400000US36059405000,4050,Census Tract 4050,G5020,S,1793482,0,+40.7012047,-073.7031796,5599.0,1014.0,True,False,False,False,0.0,0.0
36,059,405100,36059405100,1400000US36059405100,4051,Census Tract 4051,G5020,S,1675508,0,+40.6921633,-073.7035043,9554.0,1864.0,True,False,False,False,0.0,0.0
36,059,405200,36059405200,1400000US36059405200,4052,Census Tract 4052,G5020,S,906127,0,+40.7007203,-073.6926012,7782.0,1382.0,True,False,False,False,0.0,0.0
36,059,405301,36059405301,1400000US36059405301,4053.01,Census Tract 4053.01,G5020,S,953398,0,+40.7117919,-073.6828974,3443.0,708.0,True,False,False,False,0.0,0.0
36,059,405302,36059405302,1400000US36059405302,4053.02,Census Tract 4053.02,G5020,S,1038432,0,+40.7122606,-073.6709697,4956.0,949.0,True,False,False,False,0.0,0.0
36,059,416201,36059416201,1400000US36059416201,4162.01,Census Tract 4162.01,G5020,S,6738510,6842362,+40.6006540,-073.6731391,3713.0,664.0,True,False,False,False,0.0,0.0
36,059,416500,36059416500,1400000US36059416500,4165,Census Tract 4165,G5020,S,1137273,304285,+40.5920323,-073.6683682,6664.0,1358.0,True,False,False,False,0.0,0.0
36,059,416701,36059416701,1400000US36059416701,4167.01,Census Tract 4167.01,G5020,S,875923,61819,+40.5905740,-073.6510657,5233.0,732.0,True,False,False,False,0.0,0.0
36,059,416900,36059416900,1400000US36059416900,4169,Census Tract 4169,G5020,S,31216057,40356729,+40.6048438,-073.5586235,3730.0,516.0,True,False,False,False,0.0,0.0
36,059,517000,36059517000,1400000US36059517000,5170,Census Tract 5170,G5020,S,5757319,4574791,+40.8798748,-073.6472905,3646.0,533.0,True,False,True,False,0.6114416542279925,0.553389501664658
36,059,517101,36059517101,1400000US36059517101,5171.01,Census Tract 5171.01,G5020,S,2309520,937244,+40.8611547,-073.6472041,5492.0,845.0,True,False,True,True,0.772684312388949,0.7467398504013002
36,059,407501,36059407501,1400000US36059407501,4075.01,Census Tract 4075.01,G5020,S,1537826,0,+40.6928079,-073.6009995,4742.0,1482.0,True,False,False,False,0.0,0.0
36,059,407502,36059407502,1400000US36059407502,4075.02,Census Tract 4075.02,G5020,S,1322524,0,+40.6935666,-073.5881433,6540.0,1693.0,True,False,False,False,0.0,0.0
36,059,407600,36059407600,1400000US36059407600,4076,Census Tract 4076,G5020,S,2015559,0,+40.7461475,-073.5685582,5657.0,1132.0,True,False,False,False,0.0,0.0
36,059,414001,36059414001,1400000US36059414001,4140.01,Census Tract 4140.01,G5020,S,1396097,23348,+40.6856035,-073.5809309,5139.0,1257.0,True,False,False,False,0.0,0.0
36,059,302800,36059302800,1400000US36059302800,3028,Census Tract 3028,G5020,S,2208945,0,+40.7486666,-073.6919151,6167.0,1282.0,True,False,False,False,0.0,0.0
36,059,416702,36059416702,1400000US36059416702,4167.02,Census Tract 4167.02,G5020,S,402467,797027,+40.5828685,-073.6509349,4180.0,248.0,True,False,False,False,0.0,0.0
36,059,410100,36059410100,1400000US36059410100,4101,Census Tract 4101,G5020,S,2019045,0,+40.6773176,-073.6740082,5988.0,1194.0,True,False,False,False,0.0,0.0
36,059,520402,36059520402,1400000US36059520402,5204.02,Census Tract 5204.02,G5020,S,1317647,0,+40.7295606,-073.4432024,4093.0,749.0,True,True,False,False,0.0,0.0
36,059,406300,36059406300,1400000US36059406300,4063,Census Tract 4063,G5020,S,1420662,0,+40.7239325,-073.6766484,3939.0,996.0,True,False,False,False,0.0,0.0
36,059,404600,36059404600,1400000US36059404600,4046,Census Tract 4046,G5020,S,991771,34951,+40.7178518,-073.6988173,4218.0,984.0,True,False,False,False,0.0,0.0
36,059,517801,36059517801,1400000US36059517801,5178.01,Census Tract 5178.01,G5020,S,23387782,2484923,+40.8946396,-073.5953435,3953.0,855.0,True,True,False,False,0.41530127733128197,0.9361378881328165
36,059,407802,36059407802,1400000US36059407802,4078.02,Census Tract 4078.02,G5020,S,516507,0,+40.7316176,-073.5525031,1161.0,36.0,True,False,False,False,0.0,0.0
36,059,407700,36059407700,1400000US36059407700,4077,Census Tract 4077,G5020,S,5926560,23020,+40.7367622,-073.5702361,4977.0,1080.0,True,False,False,False,0.0,0.0
36,059,407801,36059407801,1400000US36059407801,4078.01,Census Tract 4078.01,G5020,S,1983103,40187,+40.7370588,-073.5483430,5553.0,929.0,True,False,False,False,0.0,0.0
36,059,407900,36059407900,1400000US36059407900,4079,Census Tract 4079,G5020,S,1938188,0,+40.7074170,-073.5745946,5624.0,821.0,True,False,False,False,0.0,0.0
36,059,408000,36059408000,1400000US36059408000,4080,Census Tract 4080,G5020,S,1919254,0,+40.7147600,-073.5680315,6420.0,1531.0,True,False,False,False,0.0,0.0
36,059,517901,36059517901,1400000US36059517901,5179.01,Census Tract 5179.01,G5020,S,2824798,2623441,+40.9096067,-073.5695586,4923.0,885.0,True,True,False,False,0.0,0.6790143752584566
36,059,518300,36059518300,1400000US36059518300,5183,Census Tract 5183,G5020,S,4303477,0,+40.8293977,-073.5060166,5958.0,1822.0,True,True,False,False,0.0,0.6590228656154987
36,059,405400,36059405400,1400000US36059405400,4054,Census Tract 4054,G5020,S,1646150,0,+40.6986329,-073.6853916,8578.0,1486.0,True,False,False,False,0.0,0.0
36,059,405500,36059405500,1400000US36059405500,4055,Census Tract 4055,G5020,S,1249206,0,+40.7026302,-073.6717331,5801.0,1086.0,True,False,False,False,0.0,0.0
36,059,405600,36059405600,1400000US36059405600,4056,Census Tract 4056,G5020,S,1057646,0,+40.6956088,-073.6734206,3899.0,978.0,True,False,False,False,0.0,0.0
36,059,405700,36059405700,1400000US36059405700,4057,Census Tract 4057,G5020,S,1514086,0,+40.6874984,-073.6774998,5292.0,1256.0,True,False,False,False,0.0,0.0
36,059,405900,36059405900,1400000US36059405900,4059,Census Tract 4059,G5020,S,1820850,3840,+40.6900103,-073.6618758,5735.0,1380.0,True,False,False,False,0.0,0.0
36,059,406001,36059406001,1400000US36059406001,4060.01,Census Tract 4060.01,G5020,S,1325888,0,+40.7009006,-073.6537589,5146.0,1294.0,True,False,False,False,0.0,0.0
36,059,406002,36059406002,1400000US36059406002,4060.02,Census Tract 4060.02,G5020,S,900209,0,+40.6959509,-073.6496542,3357.0,951.0,True,False,False,False,0.0,0.0
36,059,406100,36059406100,1400000US36059406100,4061,Census Tract 4061,G5020,S,928863,0,+40.7080857,-073.6471419,2738.0,385.0,True,False,False,False,0.0,0.0
36,059,517102,36059517102,1400000US36059517102,5171.02,Census Tract 5171.02,G5020,S,1569101,0,+40.8779155,-073.6233099,2583.0,417.0,True,False,True,False,1.0,1.0
36,059,517301,36059517301,1400000US36059517301,5173.01,Census Tract 5173.01,G5020,S,2459603,0,+40.8679398,-073.6163752,3561.0,413.0,True,False,True,False,0.9999999999999998,0.9999999999999998
36,059,517302,36059517302,1400000US36059517302,5173.02,Census Tract 5173.02,G5020,S,2439379,0,+40.8602054,-073.6062785,5319.0,1190.0,True,False,True,False,0.9999999999999998,0.9999999999999998
36,059,517400,36059517400,1400000US36059517400,5174,Census Tract 5174,G5020,S,2887408,2192567,+40.8461577,-073.6504304,5062.0,1322.0,True,True,False,False,0.6273418143001555,0.6215038324519823
36,059,517500,36059517500,1400000US36059517500,5175,Census Tract 5175,G5020,S,2932416,240340,+40.8275953,-073.6384693,3807.0,811.0,True,True,False,False,0.8054588430136413,0.9987890949535387
36,059,408100,36059408100,1400000US36059408100,4081,Census Tract 4081,G5020,S,2220606,38289,+40.7062483,-073.5557891,6940.0,1340.0,True,False,False,False,0.0,0.0
36,059,408200,36059408200,1400000US36059408200,4082,Census Tract 4082,G5020,S,2124884,0,+40.7191361,-073.5541464,6532.0,1456.0,True,False,False,False,0.0,0.0
36,059,408300,36059408300,1400000US36059408300,4083,Census Tract 4083,G5020,S,2200044,0,+40.7140319,-073.5376382,6853.0,1749.0,True,False,False,False,0.0,0.0
36,059,408400,36059408400,1400000US36059408400,4084,Census Tract 4084,G5020,S,1439470,18421,+40.6935665,-073.5633932,3752.0,677.0,True,False,False,False,0.0,0.0
36,059,408500,36059408500,1400000US36059408500,4085,Census Tract 4085,G5020,S,2129777,0,+40.6998800,-073.5434857,6465.0,1506.0,True,False,False,False,0.0,0.0
36,059,408600,36059408600,1400000US36059408600,4086,Census Tract 4086,G5020,S,1464552,0,+40.7367929,-073.5328885,4378.0,1070.0,True,False,False,False,0.0,0.0
36,059,408700,36059408700,1400000US36059408700,4087,Census Tract 4087,G5020,S,1366866,0,+40.7397927,-073.5254468,4969.0,991.0,True,False,False,False,0.0,0.0
36,059,409000,36059409000,1400000US36059409000,4090,Census Tract 4090,G5020,S,2348692,0,+40.7265798,-073.5003706,5581.0,965.0,True,False,False,False,0.0,0.0
36,059,517902,36059517902,1400000US36059517902,5179.02,Census Tract 5179.02,G5020,S,4194430,24480465,+40.9069174,-073.5105178,2770.0,349.0,True,True,False,False,0.0,0.1095663923357457
36,059,302600,36059302600,1400000US36059302600,3026,Census Tract 3026,G5020,S,476276,0,+40.7319018,-073.7018592,2294.0,505.0,True,False,False,False,0.0,0.0
36,059,414100,36059414100,1400000US36059414100,4141,Census Tract 4141,G5020,S,1782899,0,+40.6687075,-073.5907782,7493.0,1736.0,True,False,False,False,0.0,0.0
36,059,517701,36059517701,1400000US36059517701,5177.01,Census Tract 5177.01,G5020,S,37303230,3279,+40.8318129,-073.5645153,7592.0,1746.0,True,True,False,False,0.12776892615153743,0.947760202871425
36,059,520900,36059520900,1400000US36059520900,5209,Census Tract 5209,G5020,S,1738453,0,+40.6979378,-073.4756990,4557.0,776.0,True,True,False,False,0.0,0.0
36,059,518000,36059518000,1400000US36059518000,5180,Census Tract 5180,G5020,S,3274888,957757,+40.8680567,-073.5310531,6648.0,1387.0,True,True,False,False,0.0,0.7628232940415887
36,059,518100,36059518100,1400000US36059518100,5181,Census Tract 5181,G5020,S,2724886,0,+40.8495235,-073.5288524,2829.0,752.0,True,True,False,False,0.0,1.0
36,059,518203,36059518203,1400000US36059518203,5182.03,Census Tract 5182.03,G5020,S,6827389,16200,+40.8278413,-073.4693263,4284.0,671.0,True,True,False,False,0.0,0.0
36,059,518204,36059518204,1400000US36059518204,5182.04,Census Tract 5182.04,G5020,S,6142104,24988,+40.8065462,-073.4711868,4885.0,1159.0,True,True,False,False,0.0,0.0
36,059,518400,36059518400,1400000US36059518400,5184,Census Tract 5184,G5020,S,3114568,0,+40.8233116,-073.4918911,4248.0,1075.0,True,True,False,False,0.0,0.08300836344934841
36,059,518501,36059518501,1400000US36059518501,5185.01,Census Tract 5185.01,G5020,S,6761361,0,+40.7856535,-073.5517308,6839.0,1624.0,True,True,False,False,0.0,0.526967212108665
36,059,518502,36059518502,1400000US36059518502,5185.02,Census Tract 5185.02,G5020,S,1187420,0,+40.7828721,-073.5255131,3260.0,808.0,True,True,False,False,0.0,0.20471379052154545
36,059,404901,36059404901,1400000US36059404901,4049.01,Census Tract 4049.01,G5020,S,1139986,0,+40.7022044,-073.7220974,5228.0,830.0,True,False,False,False,0.0,0.0
36,059,416300,36059416300,1400000US36059416300,4163,Census Tract 4163,G5020,S,2462481,3526181,+40.5860567,-073.7250967,3088.0,537.0,True,False,False,False,0.0,0.0
36,059,410600,36059410600,1400000US36059410600,4106,Census Tract 4106,G5020,S,1645017,0,+40.6703766,-073.6910160,8007.0,1311.0,True,False,False,False,0.0,0.0
36,059,518600,36059518600,1400000US36059518600,5186,Census Tract 5186,G5020,S,2675513,0,+40.7931613,-073.5271662,4260.0,1179.0,True,True,False,False,0.0,0.39992024783615243
36,059,518700,36059518700,1400000US36059518700,5187,Census Tract 5187,G5020,S,3696214,0,+40.8037167,-073.5065600,5503.0,1421.0,True,True,False,False,0.0,0.0
36,059,518800,36059518800,1400000US36059518800,5188,Census Tract 5188,G5020,S,1771028,0,+40.7939070,-073.5006839,3098.0,842.0,True,True,False,False,0.0,0.0
36,059,520600,36059520600,1400000US36059520600,5206,Census Tract 5206,G5020,S,1924981,0,+40.7143844,-073.4374402,5804.0,1108.0,True,True,False,False,0.0,0.0
36,059,520700,36059520700,1400000US36059520700,5207,Census Tract 5207,G5020,S,1673327,0,+40.7137448,-073.4701386,4847.0,816.0,True,True,False,False,0.0,0.0
36,059,520800,36059520800,1400000US36059520800,5208,Census Tract 5208,G5020,S,1601963,0,+40.7077107,-073.4709782,4175.0,841.0,True,True,False,False,0.0,0.0
36,059,521000,36059521000,1400000US36059521000,5210,Census Tract 5210,G5020,S,2753454,13315,+40.6973447,-073.4590982,4619.0,863.0,True,True,False,False,0.0,0.0
36,059,521100,36059521100,1400000US36059521100,5211,Census Tract 5211,G5020,S,1565182,0,+40.6884053,-073.4706593,4391.0,870.0,True,True,False,False,0.0,0.0
36,059,521301,36059521301,1400000US36059521301,5213.01,Census Tract 5213.01,G5020,S,1510865,152957,+40.6722999,-073.4734273,2755.0,566.0,True,True,False,False,0.0,0.0
36,059,521302,36059521302,1400000US36059521302,5213.02,Census Tract 5213.02,G5020,S,2133724,355154,+40.6567758,-073.4782733,5344.0,991.0,True,True,False,False,0.0,0.0
36,059,521500,36059521500,1400000US36059521500,5215,Census Tract 5215,G5020,S,1384927,0,+40.6979479,-073.4445832,5061.0,992.0,True,True,False,False,0.0,0.0
36,059,521602,36059521602,1400000US36059521602,5216.02,Census Tract 5216.02,G5020,S,1063068,0,+40.6852705,-073.4433534,3141.0,775.0,True,True,False,False,0.0,0.0
36,059,521700,36059521700,1400000US36059521700,5217,Census Tract 5217,G5020,S,1862882,143952,+40.6669297,-073.4543170,4372.0,835.0,True,True,False,False,0.0,0.0
36,059,406201,36059406201,1400000US36059406201,4062.01,Census Tract 4062.01,G5020,S,1907905,178302,+40.6932710,-073.6445099,3417.0,928.0,True,False,False,False,0.0,0.0
36,059,406202,36059406202,1400000US36059406202,4062.02,Census Tract 4062.02,G5020,S,2591953,505775,+40.6777325,-073.6497180,5938.0,1660.0,True,False,False,False,0.0,0.0
36,059,406400,36059406400,1400000US36059406400,4064,Census Tract 4064,G5020,S,4675921,67684,+40.7292071,-073.6506968,6629.0,1785.0,True,False,False,False,0.0,0.0
36,059,406501,36059406501,1400000US36059406501,4065.01,Census Tract 4065.01,G5020,S,4604599,3799,+40.7203530,-073.6389524,7192.0,1892.0,True,False,False,False,0.0,0.0
36,059,406600,36059406600,1400000US36059406600,4066,Census Tract 4066,G5020,S,2815607,0,+40.7341613,-073.6247232,4147.0,1020.0,True,False,False,False,0.0,0.0
36,059,406900,36059406900,1400000US36059406900,4069,Census Tract 4069,G5020,S,1117982,0,+40.7159445,-073.6140594,7327.0,1689.0,True,False,False,False,0.0,0.0
36,059,517600,36059517600,1400000US36059517600,5176,Census Tract 5176,G5020,S,4254606,0,+40.8449175,-073.6180177,4801.0,1118.0,True,True,False,False,0.9999999999999998,0.9999999999999998
36,059,517705,36059517705,1400000US36059517705,5177.05,Census Tract 5177.05,G5020,S,14668805,29514,+40.8079116,-073.5701220,2511.0,579.0,True,True,False,False,0.0,0.9288246765631051
36,059,517802,36059517802,1400000US36059517802,5178.02,Census Tract 5178.02,G5020,S,2347239,49171,+40.8780831,-073.5893334,3611.0,1009.0,True,True,False,False,0.7971988284628259,0.9999999999999988
36,059,409100,36059409100,1400000US36059409100,4091,Census Tract 4091,G5020,S,1913818,41299,+40.7163900,-073.5270022,5021.0,896.0,True,False,False,False,0.0,0.0
36,059,409200,36059409200,1400000US36059409200,4092,Census Tract 4092,G5020,S,2030541,0,+40.7206375,-073.5137877,5855.0,921.0,True,False,False,False,0.0,0.0
36,059,409300,36059409300,1400000US36059409300,4093,Census Tract 4093,G5020,S,1433536,23365,+40.7081283,-073.5120958,4176.0,939.0,True,False,False,False,0.0,0.0
36,059,409400,36059409400,1400000US36059409400,4094,Census Tract 4094,G5020,S,1391381,0,+40.7121559,-073.4963599,4334.0,762.0,True,False,False,False,0.0,0.0
36,059,409500,36059409500,1400000US36059409500,4095,Census Tract 4095,G5020,S,1456614,0,+40.7056000,-073.4897758,3992.0,785.0,True,False,False,False,0.0,0.0
36,059,409600,36059409600,1400000US36059409600,4096,Census Tract 4096,G5020,S,2135555,23421,+40.7006831,-073.5219428,4993.0,1221.0,True,False,False,False,0.0,0.0
36,059,409700,36059409700,1400000US36059409700,4097,Census Tract 4097,G5020,S,1728447,0,+40.6965204,-073.5055678,3930.0,827.0,True,False,False,False,0.0,0.0
36,059,409800,36059409800,1400000US36059409800,4098,Census Tract 4098,G5020,S,1567566,83143,+40.6890710,-073.7144286,6380.0,1190.0,True,False,False,False,0.0,0.0
36,059,518900,36059518900,1400000US36059518900,5189,Census Tract 5189,G5020,S,4221022,9334,+40.7684143,-073.5406425,7430.0,1427.0,True,True,False,False,0.0,0.0
36,059,519100,36059519100,1400000US36059519100,5191,Census Tract 5191,G5020,S,2152683,0,+40.7507550,-073.5257350,6368.0,1005.0,True,True,False,False,0.0,0.0
36,059,519200,36059519200,1400000US36059519200,5192,Census Tract 5192,G5020,S,2064907,0,+40.7524852,-073.5140236,6851.0,1321.0,True,True,False,False,0.0,0.0
36,059,519300,36059519300,1400000US36059519300,5193,Census Tract 5193,G5020,S,3537970,26486,+40.7650004,-073.5139024,6741.0,1296.0,True,True,False,False,0.0,0.0
36,059,519400,36059519400,1400000US36059519400,5194,Census Tract 5194,G5020,S,1279432,0,+40.7736078,-073.5085718,4270.0,416.0,True,True,False,False,0.0,0.0
36,059,519500,36059519500,1400000US36059519500,5195,Census Tract 5195,G5020,S,1985884,0,+40.7836360,-073.5114380,6417.0,1413.0,True,True,False,False,0.0,0.0
36,059,519601,36059519601,1400000US36059519601,5196.01,Census Tract 5196.01,G5020,S,1556121,0,+40.7797679,-073.4975482,4461.0,1130.0,True,True,False,False,0.0,0.0
36,059,521801,36059521801,1400000US36059521801,5218.01,Census Tract 5218.01,G5020,S,1642068,0,+40.6922135,-073.4360041,3761.0,728.0,True,True,False,False,0.0,0.0
36,059,521802,36059521802,1400000US36059521802,5218.02,Census Tract 5218.02,G5020,S,2018983,20859,+40.6727163,-073.4423953,3847.0,734.0,True,True,False,False,0.0,0.0
36,059,522000,36059522000,1400000US36059522000,5220,Census Tract 5220,G5020,S,2852603,206540,+40.6773980,-073.4281932,7460.0,1067.0,True,True,False,False,0.0,0.0
36,059,410000,36059410000,1400000US36059410000,4100,Census Tract 4100,G5020,S,1528559,0,+40.6812917,-073.6919798,4313.0,649.0,True,False,False,False,0.0,0.0
36,059,410200,36059410200,1400000US36059410200,4102,Census Tract 4102,G5020,S,1281837,0,+40.6709910,-073.6673388,3593.0,739.0,True,False,False,False,0.0,0.0
36,059,410300,36059410300,1400000US36059410300,4103,Census Tract 4103,G5020,S,1246545,0,+40.6739985,-073.7167824,6338.0,1271.0,True,False,False,False,0.0,0.0
36,059,410400,36059410400,1400000US36059410400,4104,Census Tract 4104,G5020,S,1434556,0,+40.6669926,-073.7188309,5116.0,652.0,True,False,False,False,0.0,0.0
36,059,410500,36059410500,1400000US36059410500,4105,Census Tract 4105,G5020,S,1997208,38959,+40.6684184,-073.7006968,8326.0,1527.0,True,False,False,False,0.0,0.0
36,059,410700,36059410700,1400000US36059410700,4107,Census Tract 4107,G5020,S,1413674,0,+40.6531331,-073.6962424,7351.0,2003.0,True,False,False,False,0.0,0.0
36,059,409900,36059409900,1400000US36059409900,4099,Census Tract 4099,G5020,S,1733589,0,+40.6818454,-073.7150203,8323.0,1729.0,True,False,False,False,0.0,0.0
36,059,410800,36059410800,1400000US36059410800,4108,Census Tract 4108,G5020,S,1270439,5654,+40.6529539,-073.7073251,5150.0,1055.0,True,False,False,False,0.0,0.0
36,059,519702,36059519702,1400000US36059519702,5197.02,Census Tract 5197.02,G5020,S,6269606,27297,+40.7888247,-073.4577056,5917.0,1272.0,True,True,False,False,0.0,0.0
36,059,519703,36059519703,1400000US36059519703,5197.03,Census Tract 5197.03,G5020,S,1549122,0,+40.7885370,-073.4862985,3624.0,912.0,True,True,False,False,0.0,0.0
36,059,519704,36059519704,1400000US36059519704,5197.04,Census Tract 5197.04,G5020,S,1470399,0,+40.7818375,-073.4764766,3087.0,755.0,True,True,False,False,0.0,0.0
36,059,519801,36059519801,1400000US36059519801,5198.01,Census Tract 5198.01,G5020,S,829388,0,+40.7693678,-073.4881499,2441.0,586.0,True,True,False,False,0.0,0.0
36,059,519802,36059519802,1400000US36059519802,5198.02,Census Tract 5198.02,G5020,S,2181314,0,+40.7700003,-073.4700909,5093.0,1175.0,True,True,False,False,0.0,0.0
36,059,519900,36059519900,1400000US36059519900,5199,Census Tract 5199,G5020,S,2144850,0,+40.7623108,-073.4842999,5515.0,1116.0,True,True,False,False,0.0,0.0
36,059,520001,36059520001,1400000US36059520001,5200.01,Census Tract 5200.01,G5020,S,4496066,0,+40.7478914,-073.4919960,7103.0,1311.0,True,True,False,False,0.0,0.0
36,059,521601,36059521601,1400000US36059521601,5216.01,Census Tract 5216.01,G5020,S,1366084,0,+40.6845444,-073.4527573,4471.0,862.0,True,True,False,False,0.0,0.0
36,059,415802,36059415802,1400000US36059415802,4158.02,Census Tract 4158.02,G5020,S,2569865,0,+40.6832976,-073.5025877,6804.0,1477.0,True,False,False,False,0.0,0.0
36,059,410900,36059410900,1400000US36059410900,4109,Census Tract 4109,G5020,S,2252667,0,+40.6557922,-073.7185375,6529.0,1502.0,True,False,False,False,0.0,0.0
36,059,411000,36059411000,1400000US36059411000,4110,Census Tract 4110,G5020,S,3233967,1602743,+40.6213463,-073.7569899,6081.0,1458.0,True,False,False,False,0.0,0.0
36,059,411100,36059411100,1400000US36059411100,4111,Census Tract 4111,G5020,S,896873,0,+40.6154265,-073.7439447,5075.0,1644.0,True,False,False,False,0.0,0.0
36,059,411200,36059411200,1400000US36059411200,4112,Census Tract 4112,G5020,S,1747711,0,+40.6252020,-073.7278305,7307.0,2150.0,True,False,False,False,0.0,0.0
36,059,411301,36059411301,1400000US36059411301,4113.01,Census Tract 4113.01,G5020,S,2027545,524597,+40.6429368,-073.7330922,4146.0,1282.0,True,False,False,False,0.0,0.0
36,059,411302,36059411302,1400000US36059411302,4113.02,Census Tract 4113.02,G5020,S,2496333,87180,+40.6386204,-073.7212504,6388.0,1862.0,True,False,False,False,0.0,0.0
36,059,520002,36059520002,1400000US36059520002,5200.02,Census Tract 5200.02,G5020,S,2620365,0,+40.7418349,-073.4754641,4663.0,952.0,True,True,False,False,0.0,0.0
36,059,520100,36059520100,1400000US36059520100,5201,Census Tract 5201,G5020,S,10786324,8861,+40.7508230,-073.4583956,5779.0,1257.0,True,True,False,False,0.0,0.0
36,059,520200,36059520200,1400000US36059520200,5202,Census Tract 5202,G5020,S,1395500,0,+40.7291043,-073.4779697,3310.0,808.0,True,True,False,False,0.0,0.0
36,059,520300,36059520300,1400000US36059520300,5203,Census Tract 5203,G5020,S,2240742,0,+40.7208357,-073.4763852,5653.0,1202.0,True,True,False,False,0.0,0.0
36,059,520401,36059520401,1400000US36059520401,5204.01,Census Tract 5204.01,G5020,S,1516230,0,+40.7356293,-073.4498509,4335.0,729.0,True,True,False,False,0.0,0.0
36,059,520501,36059520501,1400000US36059520501,5205.01,Census Tract 5205.01,G5020,S,1515252,0,+40.7252267,-073.4567083,3967.0,635.0,True,True,False,False,0.0,0.0
36,059,520502,36059520502,1400000US36059520502,5205.02,Census Tract 5205.02,G5020,S,2226702,10630,+40.7134010,-073.4498487,5257.0,893.0,True,True,False,False,0.0,0.0
36,059,404300,36059404300,1400000US36059404300,4043,Census Tract 4043,G5020,S,648857,0,+40.7232140,-073.7209046,3134.0,599.0,True,False,False,False,0.0,0.0
36,059,413001,36059413001,1400000US36059413001,4130.01,Census Tract 4130.01,G5020,S,1239506,51197,+40.6459072,-073.6490189,3990.0,723.0,True,False,False,False,0.0,0.0
36,059,412301,36059412301,1400000US36059412301,4123.01,Census Tract 4123.01,G5020,S,1190717,53696,+40.6542323,-073.6483961,3710.0,610.0,True,False,False,False,0.0,0.0
36,059,408900,36059408900,1400000US36059408900,4089,Census Tract 4089,G5020,S,2017197,0,+40.7291729,-073.5281404,6028.0,1004.0,True,False,False,False,0.0,0.0
36,059,521400,36059521400,1400000US36059521400,5214,Census Tract 5214,G5020,S,2674514,552168,+40.6576004,-073.4640836,6449.0,1521.0,True,True,False,False,0.0,0.0
36,059,301400,36059301400,1400000US36059301400,3014,Census Tract 3014,G5020,S,2576356,764103,+40.8160491,-073.6626427,2181.0,690.0,True,False,False,False,0.0,0.7345856213614989
36,059,521200,36059521200,1400000US36059521200,5212,Census Tract 5212,G5020,S,1332762,61750,+40.6805015,-073.4730730,2906.0,523.0,True,True,False,False,0.0,0.0
36,059,302700,36059302700,1400000US36059302700,3027,Census Tract 3027,G5020,S,1022902,0,+40.7406262,-073.6970015,4105.0,610.0,True,False,False,False,0.0,0.0
36,059,519000,36059519000,1400000US36059519000,5190,Census Tract 5190,G5020,S,2349741,0,+40.7519940,-073.5397121,6007.0,1068.0,True,True,False,False,0.0,0.0
36,059,300100,36059300100,1400000US36059300100,3001,Census Tract 3001,G5020,S,8699839,8236254,+40.8201073,-073.7470623,5593.0,1534.0,True,False,False,False,0.0,0.0
36,059,300300,36059300300,1400000US36059300300,3003,Census Tract 3003,G5020,S,1631259,0,+40.8040045,-073.7418249,4477.0,1553.0,True,False,False,False,0.0,0.0
36,059,411400,36059411400,1400000US36059411400,4114,Census Tract 4114,G5020,S,2159836,0,+40.6305804,-073.7103584,7098.0,2723.0,True,False,False,False,0.0,0.0
36,059,411500,36059411500,1400000US36059411500,4115,Census Tract 4115,G5020,S,4168774,563223,+40.6299311,-073.6933762,2947.0,727.0,True,False,False,False,0.0,0.0
36,059,411600,36059411600,1400000US36059411600,4116,Census Tract 4116,G5020,S,9628551,2385189,+40.6029236,-073.7144340,6773.0,1942.0,True,False,False,False,0.0,0.0
36,059,411700,36059411700,1400000US36059411700,4117,Census Tract 4117,G5020,S,2280770,45437,+40.6419957,-073.6943933,7590.0,1932.0,True,False,False,False,0.0,0.0
36,059,411800,36059411800,1400000US36059411800,4118,Census Tract 4118,G5020,S,1781966,0,+40.6621192,-073.6792627,6586.0,1505.0,True,False,False,False,0.0,0.0
36,059,411901,36059411901,1400000US36059411901,4119.01,Census Tract 4119.01,G5020,S,861449,0,+40.6531902,-073.6758303,3284.0,533.0,True,False,False,False,0.0,0.0
36,059,411902,36059411902,1400000US36059411902,4119.02,Census Tract 4119.02,G5020,S,819057,0,+40.6506541,-073.6828019,4033.0,697.0,True,False,False,False,0.0,0.0
36,059,301101,36059301101,1400000US36059301101,3011.01,Census Tract 3011.01,G5020,S,1215967,428449,+40.8375595,-073.7102316,6929.0,1339.0,True,False,False,False,0.0,0.0
36,059,518201,36059518201,1400000US36059518201,5182.01,Census Tract 5182.01,G5020,S,21823520,8297147,+40.8670429,-073.4918420,4247.0,954.0,True,True,False,False,0.0,0.44875016929342104
36,059,416202,36059416202,1400000US36059416202,4162.02,Census Tract 4162.02,G5020,S,1151846,0,+40.6052205,-073.6553002,4947.0,752.0,True,False,False,False,0.0,0.0
36,059,300400,36059300400,1400000US36059300400,3004,Census Tract 3004,G5020,S,1798822,70057,+40.8022034,-073.7280231,6583.0,2403.0,True,False,False,False,0.0,0.0
36,059,300500,36059300500,1400000US36059300500,3005,Census Tract 3005,G5020,S,3210038,954080,+40.7863748,-073.7468768,6180.0,1819.0,True,False,False,False,0.0,0.0
36,059,300600,36059300600,1400000US36059300600,3006,Census Tract 3006,G5020,S,2772951,0,+40.7894493,-073.7203327,6713.0,1524.0,True,False,False,False,0.0,0.0
36,059,300700,36059300700,1400000US36059300700,3007,Census Tract 3007,G5020,S,745622,0,+40.7870212,-073.7256732,6510.0,883.0,True,False,False,False,0.0,0.0
36,059,300800,36059300800,1400000US36059300800,3008,Census Tract 3008,G5020,S,1375443,0,+40.7750887,-073.7279218,4171.0,744.0,True,False,False,False,0.0,0.0
36,059,301000,36059301000,1400000US36059301000,3010,Census Tract 3010,G5020,S,15113799,12559851,+40.8534295,-073.7035856,5432.0,1487.0,True,False,False,False,0.0,0.019708859158942264
36,059,412000,36059412000,1400000US36059412000,4120,Census Tract 4120,G5020,S,1812673,0,+40.6592725,-073.6640379,6396.0,1316.0,True,False,False,False,0.0,0.0
36,059,412100,36059412100,1400000US36059412100,4121,Census Tract 4121,G5020,S,1714382,0,+40.6458255,-073.6664231,6415.0,1312.0,True,False,False,False,0.0,0.0
36,059,412200,36059412200,1400000US36059412200,4122,Census Tract 4122,G5020,S,2222417,296136,+40.6332349,-073.6672123,5044.0,1213.0,True,False,False,False,0.0,0.0
36,059,412302,36059412302,1400000US36059412302,4123.02,Census Tract 4123.02,G5020,S,1120606,0,+40.6499125,-073.6469885,3660.0,689.0,True,False,False,False,0.0,0.0
36,059,412400,36059412400,1400000US36059412400,4124,Census Tract 4124,G5020,S,1691882,76832,+40.6614922,-073.6413702,6038.0,1052.0,True,False,False,False,0.0,0.0
36,059,412600,36059412600,1400000US36059412600,4126,Census Tract 4126,G5020,S,1681812,0,+40.6786357,-073.6329879,3875.0,1023.0,True,False,False,False,0.0,0.0
36,059,412700,36059412700,1400000US36059412700,4127,Census Tract 4127,G5020,S,1275427,0,+40.6663531,-073.6252588,4585.0,1368.0,True,False,False,False,0.0,0.0
36,059,301102,36059301102,1400000US36059301102,3011.02,Census Tract 3011.02,G5020,S,1824924,47188,+40.8430465,-073.7000580,4950.0,1265.0,True,False,False,False,0.0,0.0
36,059,301200,36059301200,1400000US36059301200,3012,Census Tract 3012,G5020,S,2303100,2178891,+40.8240114,-073.7032951,6330.0,1514.0,True,False,False,False,0.0,0.0
36,059,301300,36059301300,1400000US36059301300,3013,Census Tract 3013,G5020,S,1701862,0,+40.8314737,-073.6883157,5141.0,1303.0,True,False,False,False,0.0,0.0032888509846465577
36,059,301500,36059301500,1400000US36059301500,3015,Census Tract 3015,G5020,S,3148252,589744,+40.8097788,-073.7050448,2968.0,820.0,True,False,False,False,0.0,0.0012350143812607534
36,059,301600,36059301600,1400000US36059301600,3016,Census Tract 3016,G5020,S,4175019,0,+40.8074950,-073.6755675,4787.0,1217.0,True,False,False,False,0.0,0.8417590891624679
36,059,301700,36059301700,1400000US36059301700,3017,Census Tract 3017,G5020,S,1336745,0,+40.7989930,-073.6798501,2792.0,907.0,True,False,False,False,0.0,1.0
36,059,301800,36059301800,1400000US36059301800,3018,Census Tract 3018,G5020,S,4646610,88851,+40.7849771,-073.6948789,4654.0,923.0,True,False,False,False,0.0,0.07590428734236916
36,059,412800,36059412800,1400000US36059412800,4128,Census Tract 4128,G5020,S,1497817,0,+40.6813399,-073.6233340,3135.0,624.0,True,False,False,False,0.0,0.0
36,059,412900,36059412900,1400000US36059412900,4129,Census Tract 4129,G5020,S,1988680,22805,+40.6799288,-073.6109002,6216.0,1098.0,True,False,False,False,0.0,0.0
36,059,413002,36059413002,1400000US36059413002,4130.02,Census Tract 4130.02,G5020,S,1580674,254297,+40.6272093,-073.6533873,4466.0,989.0,True,False,False,False,0.0,0.0
36,059,413100,36059413100,1400000US36059413100,4131,Census Tract 4131,G5020,S,1535981,0,+40.6498481,-073.6278368,5070.0,1084.0,True,False,False,False,0.0,0.0
36,059,413200,36059413200,1400000US36059413200,4132,Census Tract 4132,G5020,S,2505996,118255,+40.6304882,-073.6436456,5675.0,733.0,True,False,False,False,0.0,0.0
36,059,413300,36059413300,1400000US36059413300,4133,Census Tract 4133,G5020,S,2184567,27354,+40.6375195,-073.6283310,6623.0,1444.0,True,False,False,False,0.0,0.0
36,059,413400,36059413400,1400000US36059413400,4134,Census Tract 4134,G5020,S,3722723,849010,+40.6229342,-073.6271897,5664.0,1494.0,True,False,False,False,0.0,0.0
36,059,301900,36059301900,1400000US36059301900,3019,Census Tract 3019,G5020,S,1530705,0,+40.7923437,-073.6796418,3066.0,908.0,True,False,False,False,0.0,0.9196184581844241
36,059,302000,36059302000,1400000US36059302000,3020,Census Tract 3020,G5020,S,5459883,783562,+40.8104744,-073.6467038,5182.0,868.0,True,False,False,False,0.024177336177874355,1.0
36,059,302101,36059302101,1400000US36059302101,3021.01,Census Tract 3021.01,G5020,S,3740384,0,+40.8031865,-073.6283212,4470.0,1016.0,True,False,False,False,0.0,0.9999999999999999
36,059,302102,36059302102,1400000US36059302102,3021.02,Census Tract 3021.02,G5020,S,2595293,0,+40.7877287,-073.6304131,3496.0,927.0,True,False,False,False,0.0,1.0
36,059,302200,36059302200,1400000US36059302200,3022,Census Tract 3022,G5020,S,1646841,0,+40.7864529,-073.6477293,4049.0,1148.0,True,False,False,False,0.0,1.0
36,059,302300,36059302300,1400000US36059302300,3023,Census Tract 3023,G5020,S,2413224,0,+40.7704698,-073.6603347,4700.0,830.0,True,False,False,False,0.0,0.09866603990086506
36,059,990400,36059990400,1400000US36059990400,9904,Census Tract 9904,G5020,S,0,123010725,+40.5546359,-073.6143361,0.0,0.0,True,False,False,False,0.0,0.0
36,059,304203,36059304203,1400000US36059304203,3042.03,Census Tract 3042.03,G5020,S,1018335,0,+40.7637376,-073.5625280,5967.0,1584.0,True,False,False,False,0.0,0.0
36,059,304204,36059304204,1400000US36059304204,3042.04,Census Tract 3042.04,G5020,S,727370,0,+40.7595706,-073.5730887,5561.0,1830.0,True,False,False,False,0.0,0.0
36,059,406701,36059406701,1400000US36059406701,4067.01,Census Tract 4067.01,G5020,S,1002286,12386,+40.6976306,-073.6327978,2535.0,671.0,True,False,False,False,0.0,0.0
36,059,406702,36059406702,1400000US36059406702,4067.02,Census Tract 4067.02,G5020,S,917106,0,+40.7109965,-073.6351787,4636.0,1247.0,True,False,False,False,0.0,0.0
36,059,406802,36059406802,1400000US36059406802,4068.02,Census Tract 4068.02,G5020,S,398467,0,+40.7131272,-073.6220926,5720.0,1374.0,True,False,False,False,0.0,0.0
36,059,414303,36059414303,1400000US36059414303,4143.03,Census Tract 4143.03,G5020,S,1209333,14161,+40.6485391,-073.5943466,5309.0,1228.0,True,False,False,False,0.0,0.0
36,059,414304,36059414304,1400000US36059414304,4143.04,Census Tract 4143.04,G5020,S,663723,0,+40.6499168,-073.5809481,3245.0,689.0,True,False,False,False,0.0,0.0
36,059,406801,36059406801,1400000US36059406801,4068.01,Census Tract 4068.01,G5020,S,807402,0,+40.7147843,-073.6271188,4476.0,981.0,True,False,False,False,0.0,0.0
36,059,982100,36059982100,1400000US36059982100,9821,Census Tract 9821,G5020,S,2792616,0,+40.7934383,-073.5702564,1159.0,45.0,True,True,False,False,0.0,0.11734326188504621
36,059,990100,36059990100,1400000US36059990100,9901,Census Tract 9901,G5020,S,0,13640682,+40.8790153,-073.7020503,0.0,0.0,True,False,False,False,0.0,0.0
36,059,990302,36059990302,1400000US36059990302,9903.02,Census Tract 9903.02,G5020,S,0,37600401,+40.5618333,-073.4549061,0.0,0.0,True,True,False,False,0.0,0.0
36,059,981100,36059981100,1400000US36059981100,9811,Census Tract 9811,G5020,S,1134476,0,+40.8157943,-073.5909347,931.0,12.0,True,True,False,False,0.0,0.9999999999999996
36,059,990301,36059990301,1400000US36059990301,9903.01,Census Tract 9903.01,G5020,S,0,67474483,+40.9482924,-073.5288506,0.0,0.0,True,True,False,False,0.0,0.0
36,059,416401,36059416401,1400000US36059416401,4164.01,Census Tract 4164.01,G5020,S,591826,598180,+40.5853022,-073.6956579,4448.0,592.0,True,False,False,False,0.0,0.0
36,059,416402,36059416402,1400000US36059416402,4164.02,Census Tract 4164.02,G5020,S,593318,500813,+40.5856777,-073.6855331,2685.0,320.0,True,False,False,False,0.0,0.0
36,059,416801,36059416801,1400000US36059416801,4168.01,Census Tract 4168.01,G5020,S,501435,114606,+40.5909242,-073.6423875,2235.0,428.0,True,False,False,False,0.0,0.0
36,059,521902,36059521902,1400000US36059521902,5219.02,Census Tract 5219.02,G5020,S,11541361,22009850,+40.6318174,-073.4471934,4440.0,1029.0,True,True,False,False,0.0,0.0
36,059,522700,36059522700,1400000US36059522700,5227,Census Tract 5227,G5020,S,1926933,0,+40.6834505,-073.4884800,4846.0,1087.0,True,False,False,False,0.0,0.0
36,059,407204,36059407204,1400000US36059407204,4072.04,Census Tract 4072.04,G5020,S,621376,0,+40.7096428,-073.6027148,3162.0,542.0,True,False,False,False,0.0,0.0
36,059,407203,36059407203,1400000US36059407203,4072.03,Census Tract 4072.03,G5020,S,642237,0,+40.7059454,-073.6093990,4080.0,991.0,True,False,False,False,0.0,0.0
